258a3b82-d937-4d78-8e48-532e5de0cfec,1.2
1d91037e-7864-4875-a1aa-ab85d4af2925,8.716666666666667
4fb16114-c172-4921-a608-6edaadef5dc5,16.2
819a5764-b4e8-41b6-938c-2b71f308f095,8.25
b656a13c-3aaf-413f-a089-a037c1570dd6,21.033333333333335
9876b6e6-0cb6-4ab1-979e-3f9f8e16d129,6.2
ac82907b-2d85-44c2-89f7-0f4f03e619bd,20.2
66c354fc-d58b-4256-a752-944d9b999619,6.333333333333333
cb1e4e6d-d1a8-4109-9c79-59fbdacdfe4a,6.0
9d6cffc2-a7fb-4d94-84c8-003cfa45f52f,18.4
06369d16-5a9b-436f-9d51-d469aa4a6431,13.366666666666667
03aeff6e-8565-4750-8191-53bae0e8acfc,14.416666666666666
086e4b6f-2f04-41e6-824f-111063fd199b,2.75
5f2d70de-c003-4516-b448-2bc4190cb036,1380.0666666666666
d94fbcef-f91f-4a91-a839-10a913bd5d20,32.81666666666667
ff90f832-c625-4372-ada8-20d774deb7be,2.3333333333333335
fc6389bc-abd6-41b7-94db-43a00b93a2cd,21.866666666666667
b62dfbef-48cc-4d37-9430-e5a2151fe947,14.433333333333334
1825b6e9-6d75-4d7e-bf7c-9b1f979034a1,5.866666666666666
75ed7580-f1e7-4e70-ac25-9e31fa2c2ee5,22.366666666666667
09805afc-5705-492a-a425-7522a47cd1e0,0.9166666666666666
c3a286d0-afa5-4822-87bd-442174f7b64a,28.683333333333334
b85485d9-8e9f-458d-930d-53e3bed61f68,7.9
881a29a8-b71f-4283-968e-e566d38bd6d1,16.766666666666666
752e56ae-fada-43a6-93a4-099ff595c5aa,15.8
d6eee1f8-3c46-4010-ad01-4a65ce2a59c4,14.25
3f708a33-8e55-43e3-ae9a-bc1bdae44215,8.083333333333334
084bde8a-cd64-4727-b5ed-3cb58e644276,13.633333333333333
82713a98-380c-4e11-bf8f-de0d24c54185,3.566666666666667
3fbe9d2e-bc00-4ec0-bea0-dcc3c2f9de43,0.03333333333333333
f8593a42-8673-4b3c-ac28-1b7a150a7e8e,8.466666666666667
ef2e185d-c472-439b-866c-c6437f19c735,3.0833333333333335
9c90d860-aa6e-4709-8080-81d3cea9bc6f,7.483333333333333
2dc3d029-6839-455e-b4da-f8a24d32f38d,16.116666666666667
4173a043-60ba-4ae8-8acc-f106e5221322,6.983333333333333
658b06d2-d443-475c-bf37-762cf9f75eff,12.483333333333333
e1a4df27-d1e7-4fd6-a54a-b48726e088e5,8.783333333333333
8a15efe7-be8b-421c-89c8-be49da5d984d,4.333333333333333
09e2b9b0-e4ab-433b-8df8-22160511d6a6,4.383333333333334
78b186bc-71b3-4945-994c-99054117462b,7.7
628a85d1-1386-4dad-ba9b-99a01ff0e0ce,14.333333333333334
5058b2f8-fc59-4f71-b46d-b97c88da6e4d,1.3166666666666667
d68f189b-35f9-419a-b3de-d5490c5dbb2f,2.4
b4e601b8-72df-44ab-8f38-8a0bea062e21,6.983333333333333
78fc549e-1484-43ba-8b85-0f9a65773bd3,5.616666666666666
d9280f35-c6fb-476f-9b51-396646caed2c,7.616666666666666
757bf482-3135-47bb-8e16-e86a351cb0b4,6.783333333333333
bc518634-cb38-4054-980d-a5475de507d3,8.7
4429cf90-ff25-4b55-b046-445651c59984,17.983333333333334
2a4c9451-a462-4e16-ab0a-2dae2896eb26,8.616666666666667
ca387007-5a01-4c5e-9ae1-2a92a0b8e8ea,5.366666666666666
2430bc84-608e-4ac9-8b7b-110ae3c48f33,38.983333333333334
ccff4d4c-ecee-4dda-90a3-471b09eab387,6.4
31dbd8a9-e415-4402-9889-7f7b4f33dd66,10.533333333333333
53956952-829d-46ac-9aed-ae2e1f6269de,7.25
79b550ea-758c-4fc4-a2a5-ee7beb6b8942,20.7
c421794f-ec08-4f33-91e1-7c7f5663330e,0.2833333333333333
17053c89-7f47-42dc-8013-57077175d1ea,16.166666666666668
06265061-c139-43c7-a849-d021d83052d4,16.366666666666667
766147a4-8013-4785-b66c-6ff5f37151ce,6.233333333333333
85f551e1-76f0-4afa-bf95-ba167a02846a,11.583333333333334
47dc601d-cba9-486b-a3ff-0c4d02046d8e,5.65
3ad86004-2285-4c9e-8019-e8d741226c73,18.85
0fff1e06-3595-49cc-80a5-03f123c13464,9.433333333333334
0b5039b7-37f9-4f1f-8bb3-36657d2788ea,25.6
b60e0b41-cf1e-4716-b9d7-608d2c11c566,10.633333333333333
943b62d8-4659-4d58-ad34-774f78c194f5,3.783333333333333
daac933e-2c67-4853-8d3d-4e64f4b0db68,6.366666666666666
c912612e-4f6e-4fd4-85ea-c81db8956035,28.633333333333333
bd20913a-33e2-47bb-bfc1-66dcceb04c49,8.55
56295291-1b1c-4b3b-82a5-4c38d9b2f8b1,27.633333333333333
4e169858-6237-4039-b289-46b9c5720046,5.15
d3e3b93f-b4a0-44e6-a26d-890aafeb86c7,6.8
41381efa-9874-4342-ae65-edb5e57aab4c,13.8
a9879083-f5f4-438b-8a1a-68fa578d5fdc,11.316666666666666
29356133-21f4-42ab-94c7-1b1a9c7a17df,15.05
e8f0afc4-3695-484f-b26b-c7c7ba7ef4f3,382.71666666666664
deac349d-1cf4-4a47-92fa-3cdc45798ab4,10.533333333333333
7111277f-e294-47a4-92a5-4f285322512f,15.833333333333334
64f92315-e2e4-4a87-b7db-08114d63c70a,0.08333333333333333
8de72f1e-e86c-4c74-871c-c79f3d0869be,0.18333333333333332
781a3183-5d82-4b3f-b5b7-d32adf94ac12,12.0
c1725ee7-ffbb-4a43-9242-5f4dbad5f97d,4.316666666666666
0e89d7c5-24da-49bb-846e-53fa605bf1fa,6.566666666666666
1a8bd8a1-7e84-4cbd-8e62-94df4e665e62,17.383333333333333
3d01b9b9-16ae-4b14-a9cb-86a837cf008a,11.683333333333334
d73dcb28-a7eb-44b6-9f68-67b36f419243,6.15
b7c5968a-a4de-4227-9ad4-48b01c2dede4,7.9
e60f61c4-50ac-4a7d-80eb-a5d7c5655559,3.15
6a363406-78a4-427e-a391-8ed774fb47a2,12.866666666666667
4e12f95c-b39e-4102-9839-f9919df3198e,11.133333333333333
e7fce4ba-83d5-4f31-897e-90a72a9c3d0d,18.333333333333332
e9d51a79-8f25-4d7d-8e8e-c5e8e36c8d4d,15.0
cb7b2d3c-12e6-4f33-bf78-a52a3f107800,22.9
e2a0499f-f138-44d9-a4b5-999fc77ba278,3.283333333333333
764b6af3-7219-4a5b-8dd4-c9295310b37b,6.25
70edf41c-6bf1-49cb-ac48-2373735d575d,1.9833333333333334
3a2d98b0-6fd2-48fd-bc98-8967a18bf755,18.75
b86d23dd-4bb7-4266-9030-a96dde874078,41.05
73e27408-fed8-44d0-80e1-caa57085303a,19.55
72be0931-c73b-4f75-87d1-a588cc711c65,19.433333333333334
c251c520-c01e-4de8-ae74-802ea9c24b2a,5.65
3f45ef24-5c0e-421c-bd1e-9bc5bb7d7ed4,8.8
4d12607e-f0c9-4af9-bce2-aa9a6f49ecf8,1.2333333333333334
6985f299-0c1d-4602-9056-4e1e09289364,6.75
a3215f27-f81b-4672-b467-a50353ec7720,29.533333333333335
de78f74e-d88e-44db-9625-28fed6514184,10.3
23fa5432-25bb-4473-9c8f-440fa1d3c570,6.283333333333333
7e57f056-8810-4594-89b2-2ec82e831584,13.2
ab10060d-cbb2-405b-b7b5-ad63980a42d0,27.95
07d012be-c338-41b1-9814-00b1c25f8e53,4.866666666666666
a469b2e4-977d-47b2-b3d2-f0be0f50b2e5,4.866666666666666
632eea0b-592e-4197-a520-c3f33801a6c1,18.333333333333332
d1697e32-06b0-46b2-b7c0-8c648716ad2e,6.216666666666667
45a4cf1a-0400-4676-bd99-4545bfb94cd4,7.5
a4a3d58a-8e35-48bd-b4e7-b074d710c1d7,15.683333333333334
fd875a37-c9b3-4713-8277-430cef999626,4.55
499574f1-0692-4129-b467-c7033684bbd5,30.983333333333334
508b1b8d-124b-4be7-9993-1edbbc079ed0,7.05
b2919012-97a3-4cb8-8c50-bde002edd68a,3.05
bda7bc06-7732-4996-9de4-1746bd9153de,17.833333333333332
540db02e-5c78-4383-8561-07e6248e0712,12.366666666666667
2f104ec2-e0aa-42d6-b195-8bc384c472a7,11.333333333333334
458ee677-621d-4dca-8548-6514f898973e,36.71666666666667
fdf4aab2-bfd1-4c32-b022-25c81d0b8d10,3.7333333333333334
590b4d10-dd6b-47e0-b43c-936e557bf541,5.216666666666667
c199b69c-fe71-482f-97c6-33a9a67969b9,3.8333333333333335
54b7b8b5-ec87-4239-a1e7-03671355edef,20.65
c5b7a09e-cbfa-4a86-9cb8-44f3712f0764,16.4
5beddf95-4b77-4ff2-991f-163ec94200e6,7.366666666666666
a6ca0aec-fc25-479a-815f-ee2efc02f1ed,22.833333333333332
ae5dc7bb-9ed7-48da-be3e-e08bad9f1eb7,4.116666666666666
ff50c065-5900-46c7-900a-2f8b2f654be1,15.133333333333333
940e0143-2cdf-49ca-9bc3-8049df113b51,14.816666666666666
923e8415-ea44-4f5d-956f-b01af2d91426,19.25
b8544709-86af-4fc8-840e-cdfb15e95b7e,18.2
cf264d90-46c5-4c74-8d47-7a3b00bb56dc,9.4
61422b21-46a9-4125-ac49-e24cfde435a5,20.983333333333334
3cdc00b2-a7e3-4a7a-97c1-3a87c6185003,6.483333333333333
f0c1cc51-b3e0-4a89-9b2f-ea1c5783d010,4.833333333333333
c4f59d0f-ee0b-4c2d-9631-8d8e867f328d,3.35
37dbedf9-7c3c-4e22-943e-4580854fe53d,19.166666666666668
e9a8afb0-f2b2-44a8-84e3-c4912488e530,12.75
0b0f54bb-78e6-4450-94a1-d46a97b5aa79,0.2
51b20eb2-b942-4797-b68e-e6be2d1c8dd2,9.783333333333333
2bf95521-a1d4-42eb-8ea8-6913d75eb442,5.7
8ab2b569-fea7-4a85-8a75-ad4169a09ecb,0.05
1904df8f-b362-4f4c-9252-d3e430d80bf8,8.4
34f98735-9a59-4704-afff-9059ce66c4d3,19.866666666666667
7ed25be8-d00a-4a0e-920c-666aabc75d16,5.883333333333334
0eb84584-09c3-419e-bef8-148e9ac827c6,10.666666666666666
6b67f0ac-accf-402b-8626-fb2844e11646,7.533333333333333
f4945e0c-5524-450b-a85b-f077eec5a958,12.35
11e36a63-5408-49aa-8eba-58c799fb7506,1390.25
1c744e83-00d8-4490-aa48-fcfed36b7a78,34.333333333333336
3106c77f-acc9-4eaf-a0f2-f2bcf9cece96,34.333333333333336
ae02ce81-06d6-4eb5-9982-36f62f28a9c8,8.183333333333334
37ead87d-1370-426e-bf68-20dd3b8be64d,3.35
2f72d781-5856-4fef-935d-f1230b7c033c,3.35
c6ec64ab-6697-4e2c-b246-09bebef02553,17.25
936af4fe-093f-43b4-b2ef-27dc65d4c79d,0.03333333333333333
1a7c95a2-7b83-405e-9bac-b3d8f8a34e4d,10.683333333333334
7319a43f-e773-4ce3-9563-31cfbf83d1e2,9.833333333333334
50cbae0e-32ed-4655-b389-bbd673a25c47,29.016666666666666
0fb62c86-9bc6-42ea-b3f0-8b6daf4ebd75,27.266666666666666
ac0ea490-697f-48e7-a28d-3417b5a655d2,9.116666666666667
94f3aa96-e479-472c-a15b-61ec1904681d,3.05
8deeed67-5e40-4e9f-8812-5a3237cea039,12.25
d66c3fb2-d06f-470d-b333-189e93b536ca,15.05
cf219e19-646a-413c-9b5f-4f03199e7d59,21.416666666666668
bdd06733-f63f-4977-9410-0b788a38ee9f,13.083333333333334
acc5fc4e-b881-42cc-9008-950f31503245,31.183333333333334
93972855-a518-446e-83a8-6cdf67c04f29,11.75
28c6f0b2-0ad5-4b25-92af-46a08c679f79,22.333333333333332
79162606-ae31-4233-9ca4-7e8969b8b77b,11.533333333333333
94d45616-cd32-480f-b4c2-bb941c88b1bc,4.233333333333333
4311f0a2-beef-4320-a353-1f4338f7de68,11.7
355e0f5b-0d73-4d67-aeda-e90de38360a5,23.383333333333333
1d52c4e8-ebf0-4899-84c2-1c93a5822bce,6.95
d0cbc086-5c4b-48cd-9636-07cbb4127657,31.116666666666667
db898ab1-2a3b-4dd9-9329-9b98668ca056,5.616666666666666
c4fe1761-4237-4cb4-a38b-61fa2eee2295,6.966666666666667
d5b199dd-b281-4fc1-bc07-ab5a6a112a36,19.233333333333334
47fe0ca9-7cd0-4646-8401-493d4793c40a,9.166666666666666
d24d4dc9-51f7-40c7-8f1d-60cb2c9c078b,0.08333333333333333
6ebace90-b82c-4e5d-a92c-474a287b08e8,5.466666666666667
82468926-5b9f-4390-a0d8-1efcfe9b57f3,53.05
7f7a5334-653b-4c62-bc73-50a4a4369e60,11.183333333333334
b3a5afa8-04bd-40f1-a40e-3bca82eaa68c,0.06666666666666667
252853c5-d2d2-436d-8226-106c552f08a4,11.833333333333334
424d9a15-ab6a-4641-8eca-6f70c52492e4,2.65
203c1969-84c5-4f32-8134-55603ecf9cf4,4.9
0aa18c72-7f4d-4954-9407-6cfa8fad72d0,6.666666666666667
0aca8d01-daa8-46a4-9859-d07f126d7338,5.816666666666666
75ce112c-a0eb-4dc5-a2d1-bd957c6bd1d4,0.31666666666666665
75c3eb46-e2bb-4564-b769-ae10d71ef8b9,7.466666666666667
e2d9fa6d-7e54-438e-9206-8a1a4f250b08,8.116666666666667
896875e1-64d3-4aff-89ab-57097b7bc4ad,70.41666666666667
19448e6f-22b8-4d57-a4a1-684229346c73,9.55
ca8f4e19-d810-4ef5-aa96-9e0dd6489317,18.616666666666667
8e541f07-6cb6-4b35-ab40-b84947a309fc,2.9166666666666665
c59a2068-d9f6-46c4-b4fe-ba3b6c98c1c8,0.31666666666666665
bb0a65b6-fcf8-448b-b45f-2d5bc987aa53,5.533333333333333
49170837-cc43-4aa7-8f4a-d6a821517266,12.016666666666667
9bc7e77d-1fa8-47cb-af41-8d8ec7043634,26.033333333333335
7fb50189-b35d-4849-8c12-27169c8c3e12,9.583333333333334
eb92ba1e-9402-43c2-9704-b70bafe3ff03,19.55
83e4ed73-7459-46e8-a6f0-09b864d20e21,21.9
644031ac-e072-4455-8f22-08e91cb55f12,16.716666666666665
f0cc0764-800f-4c9e-ac53-8ba5ac64ad42,17.15
c00d87f5-11a9-4c25-93e8-e6097cdae7fb,0.35
fa7d2429-1487-44dc-8819-ebe262014133,1.8833333333333333
77202a1e-19bc-4063-a6ad-3bb197c607f4,0.95
1c841385-5f1b-4b9f-99b3-2b421f4dd50f,4.416666666666667
0c9086a7-bd8c-4ad4-a05c-dbb04d4a1377,0.11666666666666667
f84761b1-a320-49d6-8517-43aa12316dcd,16.983333333333334
f2f0259c-5bb3-4d72-818b-b1e99b6139de,14.666666666666666
bf5f8f66-b143-4a88-9a41-91dc36a3c6ef,25.166666666666668
3a6a158f-aaae-4609-afb7-70c04cb01ff3,0.016666666666666666
7866f5aa-5d23-4eb2-a358-b44378e98099,21.666666666666668
55a1ee22-90e1-44d4-9d21-ac697db7bcc5,10.066666666666666
07751dad-93fe-40ba-a4ab-32b9ae8fd3e2,2.6666666666666665
ce4c19a0-0c55-465b-a3f8-2717e4323b3c,8.683333333333334
16a2b1f3-c156-4e5f-b0de-e3d45cb9d92a,0.05
c1f4809e-2590-459f-9e58-34c574805004,0.05
61857267-10a9-4cd4-858f-8076c1411c1c,0.05
dcb8e4df-c5f5-44ec-bf4b-ab8bf8d5f257,3.05
19ca967a-012b-4c11-bed0-314153e05966,12.066666666666666
2491c132-b82e-4d5c-a0bf-b06574720916,8.916666666666666
475cf7b5-23ff-4929-a2ab-616a4781959a,4.733333333333333
6710f84f-a839-4ae4-bafe-8dda628b8bee,11.233333333333333
1642270b-93af-4850-8247-bd1ab0ba83b3,14.35
6fdd23dc-980b-4f9c-adca-03ffcbde11eb,1.7166666666666666
8287c824-0da7-4611-b5c4-50a666889404,11.266666666666667
935959ea-1435-4f07-a3ef-f38be3a40e57,11.516666666666667
7214d3bd-e7c1-4b8c-a8d7-df3077cf3d30,266.81666666666666
7ee14d98-d435-4ee4-b17e-0c4eca196e43,5.233333333333333
0d8467ec-efe0-4498-a8af-82c955b81753,27.066666666666666
8ce98f5c-57af-4e25-9385-56bc3fc9c3f3,12.25
292b5bc6-cb32-4d0e-b985-21ada9f4e807,0.1
3fc469a1-05a5-4cf6-8880-cc801b5a13e9,2.25
0feedb43-bd90-41d8-80f4-eba3e858dec4,13.616666666666667
54f4b80b-5d93-437f-bf5f-0631005cc01b,2.6
bf20419e-c825-4013-a8eb-2f7ae48c5d67,6.166666666666667
8729b992-7979-45d4-89d6-6b7f7d4556ac,4.8
1d4395d2-d50c-4f3d-8dc0-a1b54c8307e2,4.966666666666667
f27f414a-1208-48b7-bcd6-2bf0ef696ad9,0.08333333333333333
3d690fd9-b012-4f79-b2b1-bd30f62e8850,6.65
fd2a60bb-80e2-43be-a973-99313cdf975d,0.05
1b038454-eede-4a17-96ae-d28a6a7e24bc,15.316666666666666
dcb6112c-e91b-4588-a373-c1b5c321f4ad,23.566666666666666
abeff43e-6dc1-4f2c-8e89-979f8e6004a7,21.2
d2971eb0-b64c-4b99-86b3-3ab99b03f69d,9.25
2d0cedbe-4c51-4d79-97f4-7326a69869e2,13.233333333333333
364e1d86-982d-48e5-98a0-28a016c52fc1,6.916666666666667
80e421ca-54ae-49e8-b53a-18bc03132bea,9.266666666666667
4d1f2f05-8caf-4de1-9d22-c0ccf9472a36,11.033333333333333
7cd6aba6-34a1-4d53-a79f-2c13e8367a5a,28.383333333333333
b09b696c-de14-4685-b236-81ea03cee323,16.116666666666667
3305c212-f147-42d3-a5c5-b0b28161a051,8.1
ba0dcff8-c618-46ce-a91f-514756f561ff,10.05
27ab2872-05a5-4fa5-841e-bbdae610c250,8.716666666666667
dd4bdf5a-1c27-4563-b93f-e03b61e990db,9.2
2971bb91-c458-4172-93f0-168cf72433d9,0.05
0e1e26a9-a504-4fff-ad1e-3e551725d5bd,9.55
253df85f-2bf3-4cff-8718-7a311ef5a0db,0.11666666666666667
795cca39-d6b5-4395-b402-e4442ed57598,1.3
562d617a-da98-4a12-9193-e90b7a225185,11.066666666666666
4e3abeea-8282-4e6e-93de-a2e7c49e1818,14.383333333333333
b0197a98-d3ba-4d0d-a8e9-9ad687d931f8,28.066666666666666
c42234dd-de78-4707-800f-afc2b68c5bca,4.133333333333334
8a3605dc-6f9f-455e-8442-fbac6c837ed9,6.566666666666666
faf7ae31-5c63-4155-b05f-2bb3e9d4f6c3,9.216666666666667
2088b035-d771-4b87-8741-3cb769cc6476,26.216666666666665
bde4e023-79d3-4ea1-9d04-527f729fd03b,32.083333333333336
9236a5dc-4e33-4261-94c5-5f2bbc12034e,8.416666666666666
55e4123c-9b95-44be-ae09-db1878cec533,0.06666666666666667
ab6c5d10-67be-444d-bbd4-98b260fc83b4,8.833333333333334
a3da103b-49e2-48fe-b906-621cdbfaa7da,17.75
d32d5e34-96dd-4330-8b34-8f921e4f4f5d,0.06666666666666667
398b63ef-249f-4a4e-afb8-36f3fc7d96b3,2.3333333333333335
6748ae80-e1c3-473b-a411-d7668997a678,15.466666666666667
df33305d-53a8-4615-8844-ccf9e70dbf49,5.95
4c44ccb7-4a19-4a0e-a101-4facf53ef6f5,8.0
586067f5-f682-4d11-b431-57adf71bf70e,3.0833333333333335
2b977ed8-28e7-4179-b7d4-9c4feec7d0ad,14.35
b262a387-428b-4860-a992-d645c9326327,13.016666666666667
1a222193-8b26-4aaa-b04f-26de497c67cb,2.3666666666666667
c0716e2b-8600-4c85-9916-889a3c209edf,12.616666666666667
f9976311-31c4-4946-8507-7ae20f65ac06,4.95
ebbd7471-a463-477a-b81e-6ef275a4d557,4.15
e88a8f6c-7f78-4a01-a5a4-78542cca62f0,12.15
7ba22b82-b285-4dd0-ba70-9ae5c455934f,51.36666666666667
b609ac41-8a36-4b7f-b0b3-439a7bb40bf4,29.883333333333333
df06fa5c-f0cf-45e5-8c5e-682ab423baee,22.4
15fe995a-e9c4-4fcb-8b78-83c3dc195cbb,6.35
c4c13b59-95be-4ee6-a912-8d158c9b1c8c,7.416666666666667
398bb730-4673-4ea4-8f48-48760ba6fd06,4.133333333333334
0f1d2440-b5bb-43e7-80f6-af6d3314089b,8.65
bc576635-008e-4cf6-b378-fd7356dcd78c,11.066666666666666
fdaa59bf-7bae-4934-91fe-f25b82b02196,6.733333333333333
a0c25c42-bb13-4d8a-a594-8bec2a122b9b,7.066666666666666
1f2038f8-4814-4d1a-a51f-41128bec9ad9,5.016666666666667
eb9c8aaa-9611-400f-985f-691a072c262c,13.783333333333333
f3bdde2f-e6e0-4abe-9bae-0643348d1f2d,3.6666666666666665
4ff62b38-6396-48d5-90ed-691ea905344e,9.516666666666667
e783244a-a3af-49e5-8488-8015c6aa9be0,8.616666666666667
7ec2b5a8-2b5f-4903-8955-37c33541a14b,6.383333333333334
d7611ac7-b729-43a6-b52c-a0f7e11f33af,5.983333333333333
d675ba99-2eb9-4f52-9d2a-a4657bf5fb62,3.55
a1f0b4c9-a8d3-4a83-aa3c-ea4fd7bed623,9.866666666666667
07f84ca0-c6d8-470d-bdbc-faad4f72c294,6.8
88bc254c-f9ee-44ac-8b58-9f8150d6f316,37.65
6a102c07-ce18-404f-8e78-a7912bccb4c1,3.966666666666667
4d0072c6-932f-4f74-b7ba-ebf93ac209e5,17.55
1a17e1a5-3b37-408f-8138-18f29c205b47,2.783333333333333
eadc941b-07b8-4d91-8bab-2e5dffc99b4f,1.4666666666666666
6d2a4f21-48de-4015-afe0-a6408e9d29e6,15.866666666666667
2cc3aed9-2d2f-4c0e-8c42-a0a6b5413f8b,9.283333333333333
7f827f9d-e57c-45dd-85ba-12bbc64967c9,6.116666666666666
db3577ef-d2fa-498d-aed9-a05e956f1e2c,17.416666666666668
46519037-93ff-45a7-b0e1-a860c5c4d43a,0.03333333333333333
fbfabf84-fcff-4862-b74f-a991a4ef4c56,6.366666666666666
daf3e49b-a971-473e-985f-4feda44d3aad,27.333333333333332
4ff7594c-af5d-466b-821e-8cc809e86c39,14.266666666666667
f963f4f6-4d34-4ca7-9952-8d7f74902e56,4.733333333333333
2453cac9-92a2-4a11-a2cb-afbe4e2192e1,2.033333333333333
7c45870f-0179-4a13-868b-4052f63c931c,0.05
e86b3491-7feb-4b9f-94e2-b76a7b0d8617,0.03333333333333333
77d5cbdd-a16f-439b-8537-53b0474602ce,7.883333333333334
71259324-b438-4c19-9624-17d36ad78227,7.5
706a7a92-3343-47cb-b3f5-beddb0fff17c,4.383333333333334
24d57eef-7af8-4f92-b272-426120aeab60,5.233333333333333
f060b295-2155-4da1-9da1-8dfa0f250f45,5.783333333333333
96d26da1-244d-4006-b7e2-1769d53d10d5,10.516666666666667
57ac9b4f-550f-4ded-9d8e-197503f6315f,9.366666666666667
3b5b3ffc-e06f-4267-a14c-0a7a743be6fc,3.5
8bd8835a-dcf6-45e4-8159-314506b587aa,5.333333333333333
29baf843-54e7-41d8-96f9-a68d29f5a2ed,3.3
a88e55cf-2157-45b3-9857-c65f08c33421,12.666666666666666
076c05c8-1db0-4f49-8960-0b47346e6bbe,12.55
30eee1d1-832a-4251-8622-1c674e082306,3.5833333333333335
41ebeafc-4d9d-4c11-84d9-ce3b02658722,7.333333333333333
a0fb2dd1-443c-4012-a363-f0268a9723d3,3.933333333333333
4ced9990-75c8-4a76-b07e-a1a15c8b2131,12.25
6ad65107-b6f7-44d3-a1e9-d2c581feaee9,2.55
b73d0653-fe86-48b2-b8a3-d766eac33c0f,1.2666666666666666
1cd5c8b7-445f-4d2c-89c2-9eb9fcfb1851,2.933333333333333
1f92ce46-78b4-4027-b564-b36e9ca39156,6.583333333333333
4478ba74-4cc1-4cd9-8bc4-2c0ec7dc3dca,13.766666666666667
f47cb554-a9a6-47cd-94e4-a1b306864a8d,11.116666666666667
1ca4259b-2f58-4eaa-9233-3939135bdf09,6.95
f711ae98-2642-4e1d-a6e4-8abca7989f00,13.183333333333334
2f8b4796-56e4-4b01-90d3-e87972db5e43,46.0
62bcdfc7-2674-4573-b09e-535c18527fa1,5.833333333333333
3f8b36cf-340f-4d30-8648-a66fedca3835,10.95
3ce3ea0e-75f3-41da-9677-6b18da144d08,8.666666666666666
6e947b70-2ebd-4e0d-a0e2-e714cd87b1fd,57.81666666666667
56a45476-1164-4a44-8237-a50b6106929e,5.133333333333334
c9fab59a-3beb-4be8-abe6-45057dffea9c,18.633333333333333
44195e14-1598-4209-84a4-8d182e21c6e0,5.483333333333333
096d50ad-32fe-4219-af55-bd50ca464cfb,13.433333333333334
9a33809c-ddaf-48e1-b9c0-ea1a7763ad9b,8.15
d1e433a4-9ea5-447d-b7fb-871edbd1c9ff,0.43333333333333335
59c39f61-a066-45de-aa9e-25d3fc203db8,9.3
2b0d1e7b-82b1-4f16-a43d-a319e090800a,21.416666666666668
3e7ed64e-f7c8-4cc9-bc63-60250db5eef3,4.95
0795e781-cf62-48f7-a4b5-1e7fbda0f9c9,20.25
96f08b0b-0885-4f87-a9b7-2eb34b5d4b06,12.566666666666666
4de7b272-8118-474d-911a-6815e0464066,8.833333333333334
57dd7565-32a3-4bac-90fa-6cb87b48589b,10.2
de1e8169-c83c-488b-b158-fadb912399b8,0.5
14945612-95e8-407e-88b5-741f56e0d68d,0.5
f269679b-8e34-4f55-a9f8-b9beb44ea9d9,5.45
6c56ad96-4de0-4c3f-b9be-9946330d1cd0,15.133333333333333
7c878eea-bea3-40a2-bb68-7997a7ee05dc,19.05
979caac7-ee06-422d-b1d0-5fa1413916cf,1371.7666666666667
73b7e983-a4eb-4c18-8006-9576090981d7,3.5
ab9751fa-6009-4271-92b1-1371f6096673,16.45
8d781bc2-330a-4047-ba5f-61e899737eb2,11.916666666666666
a0263824-ac7a-4ed4-8adc-01b9b08332f7,0.06666666666666667
459bc6d8-f600-48d4-b45c-b34aef2347e8,23.783333333333335
e028bb4f-8e7f-46f9-ac4c-99713333dac4,4.333333333333333
a47f92ab-903b-412d-b971-3f68c5255d22,19.983333333333334
777dd1c9-d051-4c9a-aa54-9c0ec2566048,14.883333333333333
9bb38719-a804-4f73-b591-74cc1d4430fb,6.8
e0c9ff8b-3be4-4ad4-a906-683e259510db,0.06666666666666667
950dca1c-450e-48e9-9ac7-c6ff2117f9b1,0.2833333333333333
e1dfbc6a-d590-4af9-b514-f9b993bab65b,22.6
ec0caac7-2437-4511-83c6-9757325878ef,9.116666666666667
5867a484-39a1-496d-9f13-934253c78793,2.066666666666667
736bb3b2-6114-44ff-8fa8-aff09940b065,8.35
18eb3a45-4a58-4c2f-92ae-d073997359b7,22.25
f1d3069c-09a4-49c3-a896-a5f87243480a,7.033333333333333
e6c55474-6417-4afb-a284-e77f51549a96,0.16666666666666666
a9460c69-fc24-4c5d-af7d-316eb54235c6,18.4
a3959553-0d24-47e5-8228-9881631934aa,14.366666666666667
d3871761-0bc9-49b0-8875-cbfec67dff9f,17.383333333333333
0fc4f923-907a-41a1-b7c5-9dcd1c0fe8f9,22.65
288c2540-84bd-47ee-8467-68e3df5bdda5,9.1
b6d3296d-0167-4958-b4c4-1be5f34ba8df,34.31666666666667
0b93232a-fb89-4336-9061-3bf713699db5,15.65
a2c7f7f3-c70f-4ab1-b240-a3c9c4a86cd1,25.45
32a49243-d5f6-4152-b1eb-236393e67028,15.483333333333333
42abb533-8bd9-44f8-a20e-2649219ba34f,17.8
bd32891f-fdb9-4a74-847c-63c618015251,10.0
874bb9af-5b64-49be-9593-a22fc6f4d822,4.833333333333333
0675fe47-4e3c-493e-b20f-4bb5a6b50c3d,6.15
568ccf0c-fac4-4c63-bd55-890a863758f3,6.216666666666667
43770895-3b01-4a70-b8cf-82f46f063285,6.716666666666667
8b66f5c8-adf1-47df-a71e-89e4e0765919,3.8666666666666667
9989d225-6694-4579-91af-c0d0c9002662,10.55
f4e2866e-52a0-44f2-aee7-87b4b55b0b04,4.95
87f9a4e4-7074-46e8-96ae-143d2bc81f31,4.95
01b83619-35d8-4648-87ef-2b884441d361,5.45
50de174a-5b50-4a52-a307-6880f51a3628,14.666666666666666
545c5991-b025-4c1a-9c8c-97fcbe3cbba4,7.85
ac70c34d-2820-4e1f-a966-8029c6f37879,3.05
ff3721d4-a5a9-4824-ac92-478886d7d2ea,14.45
3e09fa9e-8043-4f6b-ac54-85d007d7914c,8.433333333333334
b8139636-5d8e-4e15-a6db-46bf05ea4687,6.75
4acb1abe-d7cf-493d-a53c-83ab7562523d,177.25
d897f359-149f-4edf-a003-b069f2c7537e,4.333333333333333
c724ad5c-222f-49bf-bc15-8a4c5a93f8fe,10.816666666666666
35b2ae67-22eb-47bb-9624-e89976d7126b,2.7666666666666666
d8d74dd8-b6b9-487c-a79b-f7b68c4f1e1e,0.05
9c740b8a-d57e-4cf4-9ba1-1225207e94bc,35.833333333333336
1495111a-950a-433d-9bf0-06e2425050a4,5.133333333333334
a371469e-4932-4930-b39e-3f13f5bbd57c,18.25
ad3ae1bf-8d97-4f59-bbbf-82bbd59f19bb,5.95
bce83aaa-5aa6-4b45-94bd-ca6534b1dca8,10.383333333333333
2da2f05f-94a2-40a7-b24d-6a6b7f355bb2,3.966666666666667
3c93b363-1fd5-4599-a1ec-4bce6824a366,17.233333333333334
b59f32f3-1408-4dfa-ab61-02e7a2a36c8c,29.216666666666665
dc02c6ca-8388-491a-acd6-994551b68b09,10.05
1f50901b-8f43-4b83-9d6c-15e87fb2c3c0,11.7
4d8ae9a7-978b-4825-b0bd-9713688aaea9,5.633333333333334
d64b655f-a328-4e85-a221-f49dc87bd63d,15.933333333333334
1f86a347-4291-4c6e-8172-913011c0399b,3.6666666666666665
53fdf587-4e29-446f-9f8b-08e681fef5b4,1.9666666666666666
d3577822-2cde-4361-a48e-ab0b7d37cf67,1.75
094de06a-024e-4163-9b36-029cfc304e95,6.933333333333334
d0cebf59-201f-4990-8136-d7e096d6d0fb,11.633333333333333
270f161d-d565-4c0b-bb26-0ddacb90d753,11.683333333333334
37fa415e-c369-4149-a990-f5679ae340b0,12.716666666666667
d9824490-bfd7-46bf-9827-8bd3518cb842,7.783333333333333
0abca217-9be5-4703-95e7-06b82f007bc2,23.366666666666667
c646467d-7319-4a4f-b1f6-93c278b88920,8.2
6f9d4a28-bf65-43eb-b1c2-901b9cc5c7d8,21.883333333333333
db7c2ec1-04b9-450c-a521-73c33a7ee5de,6.1
2a987cef-ad2a-453e-9fd7-36e5be65eeb8,16.05
70170bae-256b-4884-82a2-a3ebf8e45e69,16.533333333333335
2fda7164-f55a-4ec7-9ec9-87b67c039980,7.55
6443f55d-525a-4919-981c-c5704dabcd2f,32.333333333333336
f2494ff1-f221-4dd0-ab59-9b0abfff893a,10.416666666666666
e36296eb-1eb7-4790-bef4-da4af1c3f408,3.566666666666667
291ab6c1-9375-411c-89ae-f8a9b21ade62,11.133333333333333
266e4cb7-f93e-4c5a-909d-ed4d0ab82e5a,14.7
726705ab-f9b7-48d9-af5c-992e073c3d80,8.3
fda57d21-02ea-4331-b79b-f3b5c8b873d5,15.8
43eda1b6-180f-4206-b074-330a863e0c4c,4.483333333333333
9a32b2b1-2be7-4027-aeeb-f2308fb58737,6.7
69d256f0-1e4a-4020-abfa-09ca0afbf199,11.966666666666667
cd3e21c7-c822-4e9c-8fc7-93035994c56d,9.166666666666666
dbdbeb42-30d5-4cd3-978b-c5a4ca842363,25.15
ce7197cf-0880-4a47-982e-f28362c801bf,0.06666666666666667
cf6a0767-9dc8-4745-88e0-222abc246274,0.06666666666666667
155ac0dc-573c-49eb-a702-a3ac2603142e,0.9166666666666666
d09a7472-40fa-455b-afa1-011a9448ef8a,0.06666666666666667
c821b5b9-7aa9-44b3-87a4-76251e757136,0.05
7feba78e-76ae-4e4e-ab18-9d761867e774,39.416666666666664
361eccea-44db-4be2-9610-f450ce3bebe3,4.15
720c1240-69b6-48d9-8703-a6596ddbc873,4.916666666666667
497e8caa-ba5a-478e-9aa3-403d8ece0a34,0.4
cd3e1d62-6b49-485b-ad84-57392a232772,7.15
f746306c-6bb6-40fd-b714-68890bf8183f,6.2
0941602c-fa73-4b86-a0cc-fb661e3ff992,13.3
f7836616-59a8-41eb-b900-c2de07f3d709,9.716666666666667
924a602f-13f3-455c-94db-90457744d2e7,6.983333333333333
d2c29606-9882-4322-8485-e5ed7abeae29,7.45
9698ef5e-5859-4612-8e4b-4bbf575e2fd2,29.166666666666668
d88c4d83-a804-4a5f-b338-64931b59478f,17.466666666666665
121587df-dd10-4092-8b4c-a7a84c20f013,6.916666666666667
72bcf429-d452-433a-8f3b-6a5cd0a813dc,18.7
7b2bf6de-3d00-496c-81ae-ec5f7f038b26,5.983333333333333
3d1abc03-161e-4a03-ad39-41f55cee17ac,6.183333333333334
008bd795-f9a7-47cc-ad09-856552de0f96,0.35
4323b135-c903-421a-a83a-0737984f0082,9.45
cc9d848e-e69b-403b-bdf7-fc437bbfb6b8,23.45
9eee3b47-941b-4b32-94bc-033ad755f8a9,47.8
c0d69c8e-ed61-47a3-8c46-d7479c45b9f2,18.5
82aeda2d-f5cc-4b9c-92bf-7822c11e745f,625.3833333333333
0c94058e-7dc4-480f-8242-396496313240,13.933333333333334
41643fa7-68eb-428c-8060-1eb1309df147,9.833333333333334
c9f4b075-cb99-4a62-8d29-7d4e83095835,3.6
1c5ffaa6-2a84-41e2-9d61-34cc6081c056,15.55
2c042dbe-2a12-4e3e-a9af-5c58d08d483d,13.866666666666667
4ba27404-cebe-4f64-ba39-219c27feea8f,9.816666666666666
f26e8726-50f2-4138-af9c-f47b1ca03f0b,17.383333333333333
788a6eb9-f31e-4c87-8e8f-ff8d23bf3a34,25.1
704e8730-0ef9-4989-8f54-84934def4b99,5.183333333333334
05af65d4-f2c7-4d05-8d43-4492485a5181,10.8
5c029298-69da-4a06-ba03-c48c6a04731e,6.166666666666667
e4692e42-0766-4e50-9de7-7cfdd4d2beb2,7.783333333333333
49baf94e-7ef9-4c02-b1fb-e5c7ae3db647,0.03333333333333333
90949e54-0ee4-4258-a538-a899dffbb1a3,7.416666666666667
9a9728c7-ecb3-45be-8580-d8e25fc12657,17.6
3eae3c58-94d1-4e3c-a689-b4356a953061,14.45
f2ea4ee7-e456-4c36-af9d-0f53a9b4d5af,21.116666666666667
bd11e5e5-264d-4b53-8114-e919476cfc61,13.366666666666667
52332601-6caf-4f36-bff8-85fdcb7dd7c3,13.45
74fa1a64-aa16-4f68-a5f4-713f39a631a0,11.15
7dcabaa2-1ce2-43d0-b67a-9ddc037571ca,12.583333333333334
c6e54bdd-20d0-4ee0-9de0-2d00ad614ecf,6.6
d014abdd-b500-433c-ba2d-51e2f779c35d,6.6
ca48f08d-53ce-4849-bee8-a795b811fa25,8.85
b37ba465-bd5d-4c03-a1bb-dc7f517b2421,6.85
a2a3e6bf-d09d-46b5-acd3-91b3fd44a126,9.633333333333333
5a6516ef-15f1-4655-9f26-3ba076bdb200,10.8
fdc9f41e-b662-4ffd-bbfd-3c3aca15006a,5.666666666666667
8328bb96-7b13-487a-bf82-28ab8144406a,2.1166666666666667
b1616e48-62a7-4ea3-bdf3-416f1940c820,9.85
3ff67858-443f-415c-a8fb-f0fb4d263e7b,15.3
f6c93cde-b7e0-4c47-a103-8b2c0db2d50f,18.65
5bf16062-e797-4e7c-be4d-ab7635e1eb95,6.566666666666666
ddc39106-aa8a-41ac-a116-541670b2970e,4.3
36cf7f2a-a41c-4147-977c-167f918659fb,2.5833333333333335
9b7b19dc-9469-49af-ba59-8bac6cbb0acb,35.483333333333334
ea9c55a5-dc77-402b-b3d0-efbae36096e4,9.65
54e1d5f3-9182-49b2-a9ec-e629e5ffe2cb,2.2
e8f97be2-b11b-45d8-be4d-1ed3391947ac,8.083333333333334
0ca9da70-9983-4add-b1a9-6477d348667d,5.2
0654bdd1-d1d2-4f76-bdd5-74c9884e1b64,24.083333333333332
bf88778e-5a90-4f89-9107-af1040a8a954,8.833333333333334
169ddea9-896a-4b87-8ba6-fd41437735d9,14.916666666666666
4a4f2103-7d60-4fd9-843a-cb9438b4d53b,21.383333333333333
4b73d792-c8b1-4b86-992e-63aefc8c997c,14.9
8c30617b-bd49-48a2-bd0a-3967e171554c,3.5
46c00229-f1e7-467e-8cb2-7978797d0c50,26.0
3f6ae411-b536-44c7-b694-52425d661bc8,17.183333333333334
6ab0c092-11e5-495d-9730-9b8a0b75d5f8,9.666666666666666
69a1f21d-99ac-4c8e-bd30-9868d600b086,15.033333333333333
21abab20-bfff-4199-bc2d-54a450f91547,26.3
d312ee27-ab86-4b6f-b8df-f62746f09cba,9.7
c351ff63-2e45-4402-9fbc-8d7bcddc2823,13.933333333333334
21699b69-b691-4812-8e58-5ea9a0459d1f,19.216666666666665
6374c2c1-7818-4f68-9678-e1fcab664349,42.56666666666667
3ab67f38-d8f8-44a5-a061-71ef1815a1e0,12.1
cc1aa261-cfc3-4279-98c8-55bd8d3e1b8d,8.283333333333333
0473d194-403e-4a74-9406-ba6e15b43bab,3.3666666666666667
ab1d5439-1418-4778-a9f3-d49e9acfe55a,19.0
31b680cc-e636-477d-b20f-1321d74eb49e,31.7
c2d8f949-5cf0-465d-92f1-9e2849c14f79,10.166666666666666
a7b4863a-3ea3-4013-a1b6-0c94342970d7,0.2
e5c1c610-277c-4c4b-b2e5-72f234adc042,23.6
4f340024-a755-4015-b99c-c034b836dd2f,7.95
e0f07f9d-afb4-42a7-ab0c-4dd6d2d2932c,6.466666666666667
3adf389d-6149-4a9a-8836-1fd80a1c4adf,3.533333333333333
1df78384-43f0-4b62-854b-2d62e5b7d7f6,8.783333333333333
ae82b1d5-1a4f-4172-941e-b8d7d313771e,22.9
24893a13-737a-4553-9cd9-0d93dac4766f,10.616666666666667
b8fa9265-ca26-4400-9d7d-792e603a04b0,10.766666666666667
6244f738-63d8-4627-997c-aeac6ce3cd05,4.483333333333333
7c60f31f-0f27-47f8-ad8d-f3e4269860b3,4.166666666666667
76c2c29a-3e02-4a09-b80f-232942028b46,10.066666666666666
fc5c3355-24f5-4294-a427-5829d67acf4a,6.1
402c8eaf-d8ce-4fa4-8ef2-890920682d1b,23.333333333333332
96577a1a-7f0e-4ce6-866e-11a013bd014b,6.516666666666667
99ff5e27-0bbe-416d-90e5-e660620ac98c,13.8
05ca5348-d482-4269-b2ef-40b5f706bed2,21.583333333333332
5b6a8fb9-8640-44b8-b301-d27215a5588e,19.433333333333334
917ef6a3-048a-46bd-9611-beb630d8a4a9,6.0
4e667286-3cd5-4c79-9a83-68e83ac5b111,19.133333333333333
5b9927be-50f4-48e2-bef2-b38a15df18c4,4.25
bbe254df-7abb-4cd9-9d4e-057ba9483dd6,13.25
d5d0f92e-8207-40b4-83e6-775a5a0e3214,6.833333333333333
a8580b22-4900-4e48-96fb-b558a6ac5c42,11.633333333333333
084e63ce-8d5f-4f09-b852-d5616073e1e0,12.383333333333333
d078293a-1a9a-46bb-8789-41ccf88091fe,6.733333333333333
00a90e35-5e53-40bb-a242-d776e57cd4db,31.6
87c47049-de07-4524-9737-cf6a3fb2c412,6.033333333333333
74d4be1f-4f16-4e5d-b9c7-08a271a1ded9,5.933333333333334
4ed21fff-a53c-475a-86b7-b3f0f222a2c2,1.5
0e5ff987-d3c2-44fb-b546-88930915a173,23.783333333333335
deed1f95-6dff-4668-9802-6d5394e52916,13.133333333333333
1a45072b-8d1d-42ba-a677-3c03b8ebe6ca,3.45
91d4de31-372a-485b-89d2-82b7358cc4fc,8.083333333333334
07f948ff-db7b-442d-87de-3035b2678e44,5.233333333333333
e25c5610-4286-4159-9176-3213718a66bd,17.2
a4fed7dc-9fd0-4c08-8b93-1f031d483b7a,8.816666666666666
c78c2c62-aa52-42a4-936b-2209fd16c3a9,0.5
7d1e310f-9b24-410b-8555-be015f7c1cb5,170.23333333333332
37401ede-c46f-4b1f-8a7f-7a6a4cf62a70,4.983333333333333
76078031-d9ee-4b1b-96bf-5bebdd6c254f,8.55
af972267-e495-483b-88c7-c2bc3ac7b810,5.216666666666667
a43f685b-b1af-4e77-a290-aeeeeae66b90,9.75
aa3907c6-f390-4dec-803d-d0800dd4a6a0,6.95
e0862796-16f9-4def-ba36-6bb4f176978a,21.45
da137904-b1bd-4e98-a7d6-93ced537e497,13.683333333333334
eba27938-8eb4-4639-9118-9db61e61909d,6.983333333333333
ed14ac58-b67c-4d3b-aa16-6dad91b5b258,17.566666666666666
03d89e30-a67f-4ffe-878a-f133b8c5c1d5,14.833333333333334
43b279b0-7da6-4bc7-88df-6a99114f4687,2.85
5dc64ac2-8609-4573-9694-0bc365503449,4.2
6b17a4ce-8095-4dfe-9634-f17e8dff25f0,14.566666666666666
df012e6d-79a0-40cc-9fac-d0aa2e49895f,7.766666666666667
7e5115ae-378f-47fb-8ffe-28013b221ee0,11.5
c3675bc4-5531-47e2-8191-8b6d557c961d,22.05
8957ed34-b4f2-414e-ac49-1b53a6818696,5.283333333333333
a3181665-6aa4-4d6d-bdd5-b8ab03d5427d,6.483333333333333
18b72c31-fa4f-4233-a417-16c730f0e95f,26.85
a4cbd82f-3b03-4570-870c-bbc1ca3e5561,18.516666666666666
3a95e6f3-2da9-472c-8eec-28f8eb9fab26,14.916666666666666
6cf96d96-1264-4525-9447-72f21ce475ff,18.5
f18cdb10-d9d1-4e1d-a44b-916206417254,12.983333333333333
3a954320-e824-464d-a30a-344f5b5bd1bc,1.8666666666666667
ce25fc73-3ba1-4937-a187-88d8e1cb5a77,2.6666666666666665
03a385c9-5c92-4e31-a3f9-66c37c11adcc,7.85
9a6b5a19-636f-43ec-a074-488b9dd29c89,16.416666666666668
90cdff5f-774d-4247-acd3-313a83e9b1f7,9.2
9fac90ed-2029-448a-9369-524ef8098e02,9.833333333333334
93cacb1a-e534-4917-a915-69f5a5491174,3.2
e7862d77-4444-4d35-a048-480067c6fbf3,6.016666666666667
cbeb09c3-fd94-4ef7-a904-2f36833c13f9,3.3
2dcd562a-222a-4468-89b8-966fc78ea4e8,29.033333333333335
d1e609c4-6e36-47e8-bdaf-019df5128766,2.566666666666667
cd97bcbc-d6fe-41a2-b561-23926b3fa164,2.45
9196cecd-7bda-489e-ae8a-c59cb674e387,23.85
32db82c0-1405-48ab-820f-823275518f05,2.8666666666666667
14408c22-d94e-4275-b5c6-1f72fba88f51,7.6
b0a78b7c-21de-4c2c-b4fc-7584c7f9774f,5.75
0e18cabe-e73d-459c-be1a-ae5c97892a5a,26.183333333333334
ed5f7e00-ce1b-49fd-bd26-379d162b8b0a,21.733333333333334
72c6a1f6-eada-4931-8104-d2868a992768,16.433333333333334
55e9ca15-c8b0-4ce6-8233-e81cbd2be05a,6.25
c47bfff7-2768-4675-b650-ede9fb57620b,0.05
a4f606ae-49af-40e4-b379-01b1a337297b,26.933333333333334
bb290a74-1b94-4d7b-ae56-bb00eee585f6,10.116666666666667
c64eef30-d205-4bdd-97c2-a8d4bd5fb48a,10.583333333333334
26fcfb28-acde-422f-8657-fe195ac2edb6,23.566666666666666
c5a31032-7766-42b0-85eb-d614bb51b72a,8.166666666666666
059de9c0-ab02-466e-ab4e-64aa5548a797,6.5
13c292d0-eb9c-4b71-87c8-a4bf467dee64,9.0
dfea9edc-a0df-424c-9b72-9c81229a3697,7.516666666666667
ee154ee9-f616-4a0c-b03e-3e49b68df5f8,10.416666666666666
c35301ce-ac27-4d63-a17c-250f3671b64f,4.8
2ca6cfc3-ec48-4450-a686-c64f9c4902e1,21.716666666666665
e34e412f-809f-4199-96d6-0253526d6bcc,10.45
f63186c0-1fc1-4c8d-b181-94500e41fb6a,12.416666666666666
ab0645d8-ac70-41a5-a241-f25f26fdfbb3,16.916666666666668
d9a63ca1-6b81-4ee8-a1d7-5b94b7d5bbd4,6.15
0f526e43-8d23-43f4-a790-cacddb5b81ca,14.883333333333333
0eea8155-5031-4bff-ae2f-da3ee163220c,12.883333333333333
480a3d18-df3e-49a6-aca9-3395763dbbb0,4.433333333333334
ec55b633-614f-47ad-86a9-790ea7fca126,9.15
28943870-dd85-4cdc-bae5-e142fc053e31,12.383333333333333
0b87f41a-60fc-4d53-bedb-cb81b5fe3768,5.916666666666667
e594167d-bf78-4933-9a0c-0aeb948f4623,0.21666666666666667
8544bf89-47a3-4ab0-b64e-b598e1413d8d,6.516666666666667
8f134d87-722a-40a0-87d7-9467e82b978e,9.95
bb6c4bed-afca-42f7-82c3-3761db30e313,6.683333333333334
4030c9b8-d156-4950-8d8d-e05e3fd5a6c3,16.65
371a8493-bb36-4ec4-a047-3b0531d7b538,0.31666666666666665
28674394-3f29-49b7-bd56-f826ee1a42cc,7.8
37eca02d-4af8-4a1f-bfb1-37fb15f694be,10.933333333333334
7f12aec6-56fb-4db8-a847-333f8bdf522a,15.616666666666667
b783fbbb-1685-492e-bbe3-989cde83c4dc,10.15
dd08ad57-0002-448e-9ce5-7c2ceeff20cf,15.666666666666666
b6a4f958-6bcd-4036-87a6-913035739b50,27.4
da8182d5-92de-4ceb-aaa1-3d4599381787,12.25
f64a4789-deb9-40a6-ba14-11116dc4180e,17.733333333333334
73e42157-e1bd-4bac-975d-a4ead720b010,25.25
4d43ad38-9770-4728-beb8-780551572324,6.216666666666667
3d4493f7-74a8-4b8d-9fda-6c3bd381f771,12.966666666666667
7f171372-587b-4781-a5b4-7c6095360e12,3.65
238be048-cff1-422d-8c0b-89c2f588384d,15.666666666666666
4ebe5047-d927-4fe1-9e13-42f6cde19cb7,10.933333333333334
